<?xml version="1.0" encoding="UTF-8"?> 
<?xml-stylesheet type="text/xsl" href="#stylesheet"?> 
<learningManagementSystem xmlns:xsi="http://www.w3.org/2001/XMLSchema-instance" 
                          xsi:noNamespaceSchemaLocation="lms.xsd"> 
    <articles> 
        <article lang="en"> 
            <title>Introduction to Algorithms</title> 
            <author>Thomas H. Cormen</author> 
            <publicationDate>2023-02-10</publicationDate> 
            <summary>An overview of algorithm design and analysis.</summary> 
        </article> 
        <article lang="en"> 
            <title>Machine Learning Basics</title> 
            <author>Ian Goodfellow</author> 
            <publicationDate>2023-01-15</publicationDate> 
            <summary>A comprehensive guide to the basics of machine learning.</summary> 
        </article> 
        <article lang="en"> 
            <title>Database Management Systems</title> 
            <author>Raghu Ramakrishnan</author> 
            <publicationDate>2023-03-05</publicationDate> 
            <summary>Understanding the fundamentals of database systems.</summary> 
        </article> 
    </articles> 

    <xsl:stylesheet id="stylesheet" xmlns:xsl="http://www.w3.org/1999/XSL/Transform" version="1.0"> 
        <xsl:output method="html" indent="yes"/> 

        <xsl:template match="/"> 
            <html> 
                <head> 
                    <title>Learning Management Systems</title> 
                    <style> 
                        table { 
                            width: 100%; 
                            border-collapse: collapse; 
                            margin-top: 20px; 
                        } 
                        th, td { 
                            border: 1px solid black; 
                            padding: 10px; 
                            text-align: left; 
                        } 
                        th { 
                            background-color: #f2f2f2; 
                        } 
                    </style> 
                </head> 
                <body> 
                    <table> 
                        <thead> 
                            <tr> 
                                <th>Title</th> 
                                <th>Author</th> 
                                <th>Publication Date</th> 
                                <th>Summary</th> 
                            </tr> 
                        </thead> 
                        <tbody> 
                            <xsl:for-each select="learningManagementSystem/articles/article"> 
                                <tr> 
                                    <td><xsl:value-of select="title"/></td> 
                                    <td><xsl:value-of select="author"/></td> 
                                    <td><xsl:value-of select="publicationDate"/></td> 
                                    <td><xsl:value-of select="summary"/></td> 
                                </tr> 
                            </xsl:for-each> 
                        </tbody> 
                    </table> 
                </body> 
            </html> 
        </xsl:template> 
    </xsl:stylesheet> 
</learningManagementSystem>
