<?xml version="1.0" encoding="UTF-8"?>
<?xml-stylesheet type="text/xsl" href="#stylesheet"?>
<learningManagementSystem xmlns:xsi="http://www.w3.org/2001/XMLSchema-instance"
                          xsi:noNamespaceSchemaLocation="lms.xsd">
    <articles>
        <article lang="en">
            <title>Introduction to Algorithms</title>
            <author>Thomas H. Cormen</author>
            <publicationDate>2023-02-10</publicationDate>
            <summary>An overview of algorithm design and analysis.</summary>
            <keywords>
                <keyword>Algorithms</keyword>
                <keyword>Data Structures</keyword>
            </keywords>
            <url>https://example.com/intro-to-algorithms</url>
        </article>
        <article lang="en">
            <title>Machine Learning Basics</title>
            <author>Ian Goodfellow</author>
            <publicationDate>2023-01-15</publicationDate>
            <summary>A comprehensive guide to the basics of machine learning.</summary>
            <keywords>
                <keyword>Machine Learning</keyword>
                <keyword>Artificial Intelligence</keyword>
            </keywords>
            <url>https://example.com/machine-learning-basics</url>
        </article>
        <article lang="en">
            <title>Database Management Systems</title>
            <author>Raghu Ramakrishnan</author>
            <publicationDate>2023-03-05</publicationDate>
            <summary>Understanding the fundamentals of database systems.</summary>
            <keywords>
                <keyword>Databases</keyword>
                <keyword>SQL</keyword>
            </keywords>
            <url>https://example.com/database-management-systems</url>
        </article>
        <article lang="en">
            <title>Artificial Intelligence: A Modern Approach</title>
            <author>Stuart Russell</author>
            <publicationDate>2023-05-20</publicationDate>
            <summary>An extensive introduction to AI concepts and techniques.</summary>
            <keywords>
                <keyword>Artificial Intelligence</keyword>
                <keyword>Machine Learning</keyword>
            </keywords>
            <url>https://example.com/ai-modern-approach</url>
        </article>
        <article lang="en">
            <title>Operating System Concepts</title>
            <author>Abraham Silberschatz</author>
            <publicationDate>2023-04-12</publicationDate>
            <summary>A comprehensive guide to operating system principles.</summary>
            <keywords>
                <keyword>Operating Systems</keyword>
                <keyword>System Programming</keyword>
            </keywords>
            <url>https://example.com/operating-systems-concepts</url>
        </article>
        <article lang="en">
            <title>Computer Networking: A Top-Down Approach</title>
            <author>James Kurose</author>
            <publicationDate>2023-03-22</publicationDate>
            <summary>Understanding the foundations of computer networking.</summary>
            <keywords>
                <keyword>Networking</keyword>
                <keyword>Internet</keyword>
            </keywords>
            <url>https://example.com/computer-networking</url>
        </article>
        <article lang="en">
            <title>Design Patterns: Elements of Reusable Object-Oriented Software</title>
            <author>Erich Gamma</author>
            <publicationDate>2023-06-10</publicationDate>
            <summary>A guide to software design patterns.</summary>
            <keywords>
                <keyword>Design Patterns</keyword>
                <keyword>Software Engineering</keyword>
            </keywords>
            <url>https://example.com/design-patterns</url>
        </article>
        <article lang="en">
            <title>Clean Code: A Handbook of Agile Software Craftsmanship</title>
            <author>Robert C. Martin</author>
            <publicationDate>2023-07-15</publicationDate>
            <summary>A guide to writing clean and maintainable code.</summary>
            <keywords>
                <keyword>Software Development</keyword>
                <keyword>Clean Code</keyword>
            </keywords>
            <url>https://example.com/clean-code</url>
        </article>
    </articles>

    <xsl:stylesheet id="stylesheet" xmlns:xsl="http://www.w3.org/1999/XSL/Transform" version="1.0">
        <xsl:output method="html" indent="yes"/>
        
        <xsl:template match="/">
            <html>
                <head>
                    <title>Learning Management Systems</title>
                    <style>
                        table {
                            width: 100%;
                            border-collapse: collapse;
                            margin-top: 20px;
                        }
                        th, td {
                            border: 1px solid black;
                            padding: 10px;
                            text-align: left;
                        }
                        th {
                            background-color: #f2f2f2;
                        }
                    </style>
                </head>
                <body>
                    <table>
                        <thead>
                            <tr>
                                <th>Title</th>
                                <th>Author</th>
                                <th>Publication Date</th>
                                <th>Summary</th>
                                <th>URL</th>
                            </tr>
                        </thead>
                        <tbody>
                            <xsl:for-each select="learningManagementSystem/articles/article">
                                <xsl:sort select="publicationDate" order="ascending" data-type="text"/>
                                <tr>
                                    <td><xsl:value-of select="title"/></td>
                                    <td><xsl:value-of select="author"/></td>
                                    <td><xsl:value-of select="publicationDate"/></td>
                                    <td><xsl:value-of select="summary"/></td>
                                    <td><a href="{url}"><xsl:value-of select="url"/></a></td>
                                </tr>
                            </xsl:for-each>
                        </tbody>
                    </table>
                </body>
            </html>
        </xsl:template>
    </xsl:stylesheet>
</learningManagementSystem>
